{
  "wiki:_root/CLAUDE.md": 1780452529.2692327,
  "wiki:_root/README.md": 1780432791.5697784,
  "wiki:index.md": 1780449597.2495463,
  "wiki:log.md": 1780452736.871255,
  "wiki:overview.md": 1780440654.720988,
  "wiki:concepts/budget-transfers.md": 1780449549.3446083,
  "wiki:concepts/forecasting.md": 1780449541.5515506,
  "wiki:concepts/llm-wiki-pattern.md": 1780449505.199268,
  "wiki:concepts/money-as-cents.md": 1780449514.5526636,
  "wiki:concepts/profitability-and-tce.md": 1780449533.0133848,
  "wiki:concepts/self-healing-pipeline.md": 1780449562.465006,
  "wiki:concepts/sqlite-no-enums.md": 1780449523.0497084,
  "wiki:entities/open-scaffold-labs.md": 1780449488.4476893,
  "wiki:sources/karpathy-llm-wiki-video.md": 1780449468.117527,
  "wiki:sources/limitless-stack-onboarding.md": 1780449479.6856148,
  "wiki:synthesis/claude-anti-patterns.md": 1780440693.5783803,
  "wiki:synthesis/data-model.md": 1780449573.5715446
}